id,school,nickname,abbreviation,home_url,arena,logo_url,conference_id
1,Albany,Great Danes,,http://www.espn.com/mens-college-basketball/team/_/id/399/albany-great-danes,,http://a.espncdn.com/combiner/i?img=/i/teamlogos/ncaa/500/399.png,1
2,Binghamton,Bearcats,,http://www.espn.com/mens-college-basketball/team/_/id/2066/binghamton-bearcats,,http://a.espncdn.com/combiner/i?img=/i/teamlogos/ncaa/500/2066.png,1
3,Hartford,Hawks,,http://www.espn.com/mens-college-basketball/team/_/id/42/hartford-hawks,,http://a.espncdn.com/combiner/i?img=/i/teamlogos/ncaa/500/42.png,1
4,Maine,Black Bears,,http://www.espn.com/mens-college-basketball/team/_/id/311/maine-black-bears,,http://a.espncdn.com/combiner/i?img=/i/teamlogos/ncaa/500/311.png,1
5,New Hampshire,Wildcats,,http://www.espn.com/mens-college-basketball/team/_/id/160/new-hampshire-wildcats,,http://a.espncdn.com/combiner/i?img=/i/teamlogos/ncaa/500/160.png,1
6,Stony Brook,Seawolves,,http://www.espn.com/mens-college-basketball/team/_/id/2619/stony-brook-seawolves,,http://a.espncdn.com/combiner/i?img=/i/teamlogos/ncaa/500/2619.png,1
7,UMass Lowell,River Hawks,,http://www.espn.com/mens-college-basketball/team/_/id/2349/umass-lowell-river-hawks,,http://a.espncdn.com/combiner/i?img=/i/teamlogos/ncaa/500/2349.png,1
8,UMBC,Retrievers,,http://www.espn.com/mens-college-basketball/team/_/id/2378/umbc-retrievers,,http://a.espncdn.com/combiner/i?img=/i/teamlogos/ncaa/500/2378.png,1
9,Vermont,Catamounts,,http://www.espn.com/mens-college-basketball/team/_/id/261/vermont-catamounts,,http://a.espncdn.com/combiner/i?img=/i/teamlogos/ncaa/500/261.png,1
10,Cincinnati,Bearcats,,http://www.espn.com/mens-college-basketball/team/_/id/2132/cincinnati-bearcats,,http://a.espncdn.com/combiner/i?img=/i/teamlogos/ncaa/500/2132.png,2
11,East Carolina,Pirates,,http://www.espn.com/mens-college-basketball/team/_/id/151/east-carolina-pirates,,http://a.espncdn.com/combiner/i?img=/i/teamlogos/ncaa/500/151.png,2
12,Houston,Cougars,,http://www.espn.com/mens-college-basketball/team/_/id/248/houston-cougars,,http://a.espncdn.com/combiner/i?img=/i/teamlogos/ncaa/500/248.png,2
13,Memphis,Tigers,,http://www.espn.com/mens-college-basketball/team/_/id/235/memphis-tigers,,http://a.espncdn.com/combiner/i?img=/i/teamlogos/ncaa/500/235.png,2
14,SMU,Mustangs,,http://www.espn.com/mens-college-basketball/team/_/id/2567/smu-mustangs,,http://a.espncdn.com/combiner/i?img=/i/teamlogos/ncaa/500/2567.png,2
15,South Florida,Bulls,,http://www.espn.com/mens-college-basketball/team/_/id/58/south-florida-bulls,,http://a.espncdn.com/combiner/i?img=/i/teamlogos/ncaa/500/58.png,2
16,Temple,Owls,,http://www.espn.com/mens-college-basketball/team/_/id/218/temple-owls,,http://a.espncdn.com/combiner/i?img=/i/teamlogos/ncaa/500/218.png,2
17,Tulane,Green Wave,,http://www.espn.com/mens-college-basketball/team/_/id/2655/tulane-green-wave,,http://a.espncdn.com/combiner/i?img=/i/teamlogos/ncaa/500/2655.png,2
18,Tulsa,Golden Hurricane,,http://www.espn.com/mens-college-basketball/team/_/id/202/tulsa-golden-hurricane,,http://a.espncdn.com/combiner/i?img=/i/teamlogos/ncaa/500/202.png,2
19,UCF,Knights,,http://www.espn.com/mens-college-basketball/team/_/id/2116/ucf-knights,,http://a.espncdn.com/combiner/i?img=/i/teamlogos/ncaa/500/2116.png,2
20,UConn,Huskies,,http://www.espn.com/mens-college-basketball/team/_/id/41/uconn-huskies,,http://a.espncdn.com/combiner/i?img=/i/teamlogos/ncaa/500/41.png,2
21,Wichita St,Shockers,,http://www.espn.com/mens-college-basketball/team/_/id/2724/wichita-st-shockers,,http://a.espncdn.com/combiner/i?img=/i/teamlogos/ncaa/500/2724.png,2
22,Davidson,Wildcats,,http://www.espn.com/mens-college-basketball/team/_/id/2166/davidson-wildcats,,http://a.espncdn.com/combiner/i?img=/i/teamlogos/ncaa/500/2166.png,3
23,Dayton,Flyers,,http://www.espn.com/mens-college-basketball/team/_/id/2168/dayton-flyers,,http://a.espncdn.com/combiner/i?img=/i/teamlogos/ncaa/500/2168.png,3
24,Duquesne,Dukes,,http://www.espn.com/mens-college-basketball/team/_/id/2184/duquesne-dukes,,http://a.espncdn.com/combiner/i?img=/i/teamlogos/ncaa/500/2184.png,3
25,Fordham,Rams,,http://www.espn.com/mens-college-basketball/team/_/id/2230/fordham-rams,,http://a.espncdn.com/combiner/i?img=/i/teamlogos/ncaa/500/2230.png,3
26,George Mason,Patriots,,http://www.espn.com/mens-college-basketball/team/_/id/2244/george-mason-patriots,,http://a.espncdn.com/combiner/i?img=/i/teamlogos/ncaa/500/2244.png,3
27,George Washington,Colonials,,http://www.espn.com/mens-college-basketball/team/_/id/45/george-washington-colonials,,http://a.espncdn.com/combiner/i?img=/i/teamlogos/ncaa/500/45.png,3
28,La Salle,Explorers,,http://www.espn.com/mens-college-basketball/team/_/id/2325/la-salle-explorers,,http://a.espncdn.com/combiner/i?img=/i/teamlogos/ncaa/500/2325.png,3
29,Massachusetts,Minutemen,,http://www.espn.com/mens-college-basketball/team/_/id/113/massachusetts-minutemen,,http://a.espncdn.com/combiner/i?img=/i/teamlogos/ncaa/500/113.png,3
30,Rhode Island,Rams,,http://www.espn.com/mens-college-basketball/team/_/id/227/rhode-island-rams,,http://a.espncdn.com/combiner/i?img=/i/teamlogos/ncaa/500/227.png,3
31,Richmond,Spiders,,http://www.espn.com/mens-college-basketball/team/_/id/257/richmond-spiders,,http://a.espncdn.com/combiner/i?img=/i/teamlogos/ncaa/500/257.png,3
32,Saint Joseph's,Hawks,,http://www.espn.com/mens-college-basketball/team/_/id/2603/saint-joseph's-hawks,,http://a.espncdn.com/combiner/i?img=/i/teamlogos/ncaa/500/2603.png,3
33,Saint Louis,Billikens,,http://www.espn.com/mens-college-basketball/team/_/id/139/saint-louis-billikens,,http://a.espncdn.com/combiner/i?img=/i/teamlogos/ncaa/500/139.png,3
34,St. Bonaventure,Bonnies,,http://www.espn.com/mens-college-basketball/team/_/id/179/st.-bonaventure-bonnies,,http://a.espncdn.com/combiner/i?img=/i/teamlogos/ncaa/500/179.png,3
35,VCU,Rams,,http://www.espn.com/mens-college-basketball/team/_/id/2670/vcu-rams,,http://a.espncdn.com/combiner/i?img=/i/teamlogos/ncaa/500/2670.png,3
36,Boston College,Eagles,,http://www.espn.com/mens-college-basketball/team/_/id/103/boston-college-eagles,,http://a.espncdn.com/combiner/i?img=/i/teamlogos/ncaa/500/103.png,4
37,Clemson,Tigers,,http://www.espn.com/mens-college-basketball/team/_/id/228/clemson-tigers,,http://a.espncdn.com/combiner/i?img=/i/teamlogos/ncaa/500/228.png,4
38,Duke,Blue Devils,,http://www.espn.com/mens-college-basketball/team/_/id/150/duke-blue-devils,,http://a.espncdn.com/combiner/i?img=/i/teamlogos/ncaa/500/150.png,4
39,Florida St,Seminoles,,http://www.espn.com/mens-college-basketball/team/_/id/52/florida-st-seminoles,,http://a.espncdn.com/combiner/i?img=/i/teamlogos/ncaa/500/52.png,4
40,Georgia Tech,Yellow Jackets,,http://www.espn.com/mens-college-basketball/team/_/id/59/georgia-tech-yellow-jackets,,http://a.espncdn.com/combiner/i?img=/i/teamlogos/ncaa/500/59.png,4
41,Louisville,Cardinals,,http://www.espn.com/mens-college-basketball/team/_/id/97/louisville-cardinals,,http://a.espncdn.com/combiner/i?img=/i/teamlogos/ncaa/500/97.png,4
42,Miami,Hurricanes,,http://www.espn.com/mens-college-basketball/team/_/id/2390/miami-hurricanes,,http://a.espncdn.com/combiner/i?img=/i/teamlogos/ncaa/500/2390.png,4
43,NC State,Wolfpack,,http://www.espn.com/mens-college-basketball/team/_/id/152/nc-state-wolfpack,,http://a.espncdn.com/combiner/i?img=/i/teamlogos/ncaa/500/152.png,4
44,North Carolina,Tar Heels,,http://www.espn.com/mens-college-basketball/team/_/id/153/north-carolina-tar-heels,,http://a.espncdn.com/combiner/i?img=/i/teamlogos/ncaa/500/153.png,4
45,Notre Dame,Fighting Irish,,http://www.espn.com/mens-college-basketball/team/_/id/87/notre-dame-fighting-irish,,http://a.espncdn.com/combiner/i?img=/i/teamlogos/ncaa/500/87.png,4
46,Pittsburgh,Panthers,,http://www.espn.com/mens-college-basketball/team/_/id/221/pittsburgh-panthers,,http://a.espncdn.com/combiner/i?img=/i/teamlogos/ncaa/500/221.png,4
47,Syracuse,Orange,,http://www.espn.com/mens-college-basketball/team/_/id/183/syracuse-orange,,http://a.espncdn.com/combiner/i?img=/i/teamlogos/ncaa/500/183.png,4
48,Virginia,Cavaliers,,http://www.espn.com/mens-college-basketball/team/_/id/258/virginia-cavaliers,,http://a.espncdn.com/combiner/i?img=/i/teamlogos/ncaa/500/258.png,4
49,Virginia Tech,Hokies,,http://www.espn.com/mens-college-basketball/team/_/id/259/virginia-tech-hokies,,http://a.espncdn.com/combiner/i?img=/i/teamlogos/ncaa/500/259.png,4
50,Wake Forest,Demon Deacons,,http://www.espn.com/mens-college-basketball/team/_/id/154/wake-forest-demon-deacons,,http://a.espncdn.com/combiner/i?img=/i/teamlogos/ncaa/500/154.png,4
51,Florida Gulf Coast,Eagles,,http://www.espn.com/mens-college-basketball/team/_/id/526/florida-gulf-coast-eagles,,http://a.espncdn.com/combiner/i?img=/i/teamlogos/ncaa/500/526.png,5
52,Jacksonville,Dolphins,,http://www.espn.com/mens-college-basketball/team/_/id/294/jacksonville-dolphins,,http://a.espncdn.com/combiner/i?img=/i/teamlogos/ncaa/500/294.png,5
53,Kennesaw St,Owls,,http://www.espn.com/mens-college-basketball/team/_/id/338/kennesaw-st-owls,,http://a.espncdn.com/combiner/i?img=/i/teamlogos/ncaa/500/338.png,5
54,Lipscomb,Bisons,,http://www.espn.com/mens-college-basketball/team/_/id/288/lipscomb-bisons,,http://a.espncdn.com/combiner/i?img=/i/teamlogos/ncaa/500/288.png,5
55,NJIT,Highlanders,,http://www.espn.com/mens-college-basketball/team/_/id/2885/njit-highlanders,,http://a.espncdn.com/combiner/i?img=/i/teamlogos/ncaa/500/2885.png,5
56,North Florida,Ospreys,,http://www.espn.com/mens-college-basketball/team/_/id/2454/north-florida-ospreys,,http://a.espncdn.com/combiner/i?img=/i/teamlogos/ncaa/500/2454.png,5
57,South Carolina Upstate,Spartans,,http://www.espn.com/mens-college-basketball/team/_/id/2908/south-carolina-upstate-spartans,,http://a.espncdn.com/combiner/i?img=/i/teamlogos/ncaa/500/2908.png,5
58,Stetson,Hatters,,http://www.espn.com/mens-college-basketball/team/_/id/56/stetson-hatters,,http://a.espncdn.com/combiner/i?img=/i/teamlogos/ncaa/500/56.png,5
59,Baylor,Bears,,http://www.espn.com/mens-college-basketball/team/_/id/239/baylor-bears,,http://a.espncdn.com/combiner/i?img=/i/teamlogos/ncaa/500/239.png,6
60,Iowa State,Cyclones,,http://www.espn.com/mens-college-basketball/team/_/id/66/iowa-state-cyclones,,http://a.espncdn.com/combiner/i?img=/i/teamlogos/ncaa/500/66.png,6
61,Kansas,Jayhawks,,http://www.espn.com/mens-college-basketball/team/_/id/2305/kansas-jayhawks,,http://a.espncdn.com/combiner/i?img=/i/teamlogos/ncaa/500/2305.png,6
62,Kansas St,Wildcats,,http://www.espn.com/mens-college-basketball/team/_/id/2306/kansas-st-wildcats,,http://a.espncdn.com/combiner/i?img=/i/teamlogos/ncaa/500/2306.png,6
63,Oklahoma,Sooners,,http://www.espn.com/mens-college-basketball/team/_/id/201/oklahoma-sooners,,http://a.espncdn.com/combiner/i?img=/i/teamlogos/ncaa/500/201.png,6
64,Oklahoma St,Cowboys,,http://www.espn.com/mens-college-basketball/team/_/id/197/oklahoma-st-cowboys,,http://a.espncdn.com/combiner/i?img=/i/teamlogos/ncaa/500/197.png,6
65,TCU,Horned Frogs,,http://www.espn.com/mens-college-basketball/team/_/id/2628/tcu-horned-frogs,,http://a.espncdn.com/combiner/i?img=/i/teamlogos/ncaa/500/2628.png,6
66,Texas,Longhorns,,http://www.espn.com/mens-college-basketball/team/_/id/251/texas-longhorns,,http://a.espncdn.com/combiner/i?img=/i/teamlogos/ncaa/500/251.png,6
67,Texas Tech,Red Raiders,,http://www.espn.com/mens-college-basketball/team/_/id/2641/texas-tech-red-raiders,,http://a.espncdn.com/combiner/i?img=/i/teamlogos/ncaa/500/2641.png,6
68,West Virginia,Mountaineers,,http://www.espn.com/mens-college-basketball/team/_/id/277/west-virginia-mountaineers,,http://a.espncdn.com/combiner/i?img=/i/teamlogos/ncaa/500/277.png,6
69,Butler,Bulldogs,,http://www.espn.com/mens-college-basketball/team/_/id/2086/butler-bulldogs,,http://a.espncdn.com/combiner/i?img=/i/teamlogos/ncaa/500/2086.png,7
70,Creighton,Bluejays,,http://www.espn.com/mens-college-basketball/team/_/id/156/creighton-bluejays,,http://a.espncdn.com/combiner/i?img=/i/teamlogos/ncaa/500/156.png,7
71,DePaul,Blue Demons,,http://www.espn.com/mens-college-basketball/team/_/id/305/depaul-blue-demons,,http://a.espncdn.com/combiner/i?img=/i/teamlogos/ncaa/500/305.png,7
72,Georgetown,Hoyas,,http://www.espn.com/mens-college-basketball/team/_/id/46/georgetown-hoyas,,http://a.espncdn.com/combiner/i?img=/i/teamlogos/ncaa/500/46.png,7
73,Marquette,Golden Eagles,,http://www.espn.com/mens-college-basketball/team/_/id/269/marquette-golden-eagles,,http://a.espncdn.com/combiner/i?img=/i/teamlogos/ncaa/500/269.png,7
74,Providence,Friars,,http://www.espn.com/mens-college-basketball/team/_/id/2507/providence-friars,,http://a.espncdn.com/combiner/i?img=/i/teamlogos/ncaa/500/2507.png,7
75,Seton Hall,Pirates,,http://www.espn.com/mens-college-basketball/team/_/id/2550/seton-hall-pirates,,http://a.espncdn.com/combiner/i?img=/i/teamlogos/ncaa/500/2550.png,7
76,St. John's,Red Storm,,http://www.espn.com/mens-college-basketball/team/_/id/2599/st.-john's-red-storm,,http://a.espncdn.com/combiner/i?img=/i/teamlogos/ncaa/500/2599.png,7
77,Villanova,Wildcats,,http://www.espn.com/mens-college-basketball/team/_/id/222/villanova-wildcats,,http://a.espncdn.com/combiner/i?img=/i/teamlogos/ncaa/500/222.png,7
78,Xavier,Musketeers,,http://www.espn.com/mens-college-basketball/team/_/id/2752/xavier-musketeers,,http://a.espncdn.com/combiner/i?img=/i/teamlogos/ncaa/500/2752.png,7
79,Eastern Washington,Eagles,,http://www.espn.com/mens-college-basketball/team/_/id/331/eastern-washington-eagles,,http://a.espncdn.com/combiner/i?img=/i/teamlogos/ncaa/500/331.png,8
80,Idaho,Vandals,,http://www.espn.com/mens-college-basketball/team/_/id/70/idaho-vandals,,http://a.espncdn.com/combiner/i?img=/i/teamlogos/ncaa/500/70.png,8
81,Idaho State,Bengals,,http://www.espn.com/mens-college-basketball/team/_/id/304/idaho-state-bengals,,http://a.espncdn.com/combiner/i?img=/i/teamlogos/ncaa/500/304.png,8
82,Montana,Grizzlies,,http://www.espn.com/mens-college-basketball/team/_/id/149/montana-grizzlies,,http://a.espncdn.com/combiner/i?img=/i/teamlogos/ncaa/500/149.png,8
83,Montana St,Bobcats,,http://www.espn.com/mens-college-basketball/team/_/id/147/montana-st-bobcats,,http://a.espncdn.com/combiner/i?img=/i/teamlogos/ncaa/500/147.png,8
84,N Colorado,Bears,,http://www.espn.com/mens-college-basketball/team/_/id/2458/n-colorado-bears,,http://a.espncdn.com/combiner/i?img=/i/teamlogos/ncaa/500/2458.png,8
85,North Dakota,Fighting Hawks,,http://www.espn.com/mens-college-basketball/team/_/id/155/north-dakota-fighting-hawks,,http://a.espncdn.com/combiner/i?img=/i/teamlogos/ncaa/500/155.png,8
86,Northern Arizona,Lumberjacks,,http://www.espn.com/mens-college-basketball/team/_/id/2464/northern-arizona-lumberjacks,,http://a.espncdn.com/combiner/i?img=/i/teamlogos/ncaa/500/2464.png,8
87,Portland St,Vikings,,http://www.espn.com/mens-college-basketball/team/_/id/2502/portland-st-vikings,,http://a.espncdn.com/combiner/i?img=/i/teamlogos/ncaa/500/2502.png,8
88,Sacramento St,Hornets,,http://www.espn.com/mens-college-basketball/team/_/id/16/sacramento-st-hornets,,http://a.espncdn.com/combiner/i?img=/i/teamlogos/ncaa/500/16.png,8
89,Southern Utah,Thunderbirds,,http://www.espn.com/mens-college-basketball/team/_/id/253/southern-utah-thunderbirds,,http://a.espncdn.com/combiner/i?img=/i/teamlogos/ncaa/500/253.png,8
90,Weber State,Wildcats,,http://www.espn.com/mens-college-basketball/team/_/id/2692/weber-state-wildcats,,http://a.espncdn.com/combiner/i?img=/i/teamlogos/ncaa/500/2692.png,8
91,Campbell,Fighting Camels,,http://www.espn.com/mens-college-basketball/team/_/id/2097/campbell-fighting-camels,,http://a.espncdn.com/combiner/i?img=/i/teamlogos/ncaa/500/2097.png,9
92,Charleston Southern,Buccaneers,,http://www.espn.com/mens-college-basketball/team/_/id/2127/charleston-southern-buccaneers,,http://a.espncdn.com/combiner/i?img=/i/teamlogos/ncaa/500/2127.png,9
93,Gardner-Webb,Bulldogs,,http://www.espn.com/mens-college-basketball/team/_/id/2241/gardner-webb-bulldogs,,http://a.espncdn.com/combiner/i?img=/i/teamlogos/ncaa/500/2241.png,9
94,High Point,Panthers,,http://www.espn.com/mens-college-basketball/team/_/id/2272/high-point-panthers,,http://a.espncdn.com/combiner/i?img=/i/teamlogos/ncaa/500/2272.png,9
95,Liberty,Flames,,http://www.espn.com/mens-college-basketball/team/_/id/2335/liberty-flames,,http://a.espncdn.com/combiner/i?img=/i/teamlogos/ncaa/500/2335.png,9
96,Longwood,Lancers,,http://www.espn.com/mens-college-basketball/team/_/id/2344/longwood-lancers,,http://a.espncdn.com/combiner/i?img=/i/teamlogos/ncaa/500/2344.png,9
97,Presbyterian,Blue Hose,,http://www.espn.com/mens-college-basketball/team/_/id/2506/presbyterian-blue-hose,,http://a.espncdn.com/combiner/i?img=/i/teamlogos/ncaa/500/2506.png,9
98,Radford,Highlanders,,http://www.espn.com/mens-college-basketball/team/_/id/2515/radford-highlanders,,http://a.espncdn.com/combiner/i?img=/i/teamlogos/ncaa/500/2515.png,9
99,UNC Asheville,Bulldogs,,http://www.espn.com/mens-college-basketball/team/_/id/2427/unc-asheville-bulldogs,,http://a.espncdn.com/combiner/i?img=/i/teamlogos/ncaa/500/2427.png,9
100,Winthrop,Eagles,,http://www.espn.com/mens-college-basketball/team/_/id/2737/winthrop-eagles,,http://a.espncdn.com/combiner/i?img=/i/teamlogos/ncaa/500/2737.png,9
101,Illinois,Fighting Illini,,http://www.espn.com/mens-college-basketball/team/_/id/356/illinois-fighting-illini,,http://a.espncdn.com/combiner/i?img=/i/teamlogos/ncaa/500/356.png,10
102,Indiana,Hoosiers,,http://www.espn.com/mens-college-basketball/team/_/id/84/indiana-hoosiers,,http://a.espncdn.com/combiner/i?img=/i/teamlogos/ncaa/500/84.png,10
103,Iowa,Hawkeyes,,http://www.espn.com/mens-college-basketball/team/_/id/2294/iowa-hawkeyes,,http://a.espncdn.com/combiner/i?img=/i/teamlogos/ncaa/500/2294.png,10
104,Maryland,Terrapins,,http://www.espn.com/mens-college-basketball/team/_/id/120/maryland-terrapins,,http://a.espncdn.com/combiner/i?img=/i/teamlogos/ncaa/500/120.png,10
105,Michigan,Wolverines,,http://www.espn.com/mens-college-basketball/team/_/id/130/michigan-wolverines,,http://a.espncdn.com/combiner/i?img=/i/teamlogos/ncaa/500/130.png,10
106,Michigan St,Spartans,,http://www.espn.com/mens-college-basketball/team/_/id/127/michigan-st-spartans,,http://a.espncdn.com/combiner/i?img=/i/teamlogos/ncaa/500/127.png,10
107,Minnesota,Golden Gophers,,http://www.espn.com/mens-college-basketball/team/_/id/135/minnesota-golden-gophers,,http://a.espncdn.com/combiner/i?img=/i/teamlogos/ncaa/500/135.png,10
108,Nebraska,Cornhuskers,,http://www.espn.com/mens-college-basketball/team/_/id/158/nebraska-cornhuskers,,http://a.espncdn.com/combiner/i?img=/i/teamlogos/ncaa/500/158.png,10
109,Northwestern,Wildcats,,http://www.espn.com/mens-college-basketball/team/_/id/77/northwestern-wildcats,,http://a.espncdn.com/combiner/i?img=/i/teamlogos/ncaa/500/77.png,10
110,Ohio State,Buckeyes,,http://www.espn.com/mens-college-basketball/team/_/id/194/ohio-state-buckeyes,,http://a.espncdn.com/combiner/i?img=/i/teamlogos/ncaa/500/194.png,10
111,Penn State,Nittany Lions,,http://www.espn.com/mens-college-basketball/team/_/id/213/penn-state-nittany-lions,,http://a.espncdn.com/combiner/i?img=/i/teamlogos/ncaa/500/213.png,10
112,Purdue,Boilermakers,,http://www.espn.com/mens-college-basketball/team/_/id/2509/purdue-boilermakers,,http://a.espncdn.com/combiner/i?img=/i/teamlogos/ncaa/500/2509.png,10
113,Rutgers,Scarlet Knights,,http://www.espn.com/mens-college-basketball/team/_/id/164/rutgers-scarlet-knights,,http://a.espncdn.com/combiner/i?img=/i/teamlogos/ncaa/500/164.png,10
114,Wisconsin,Badgers,,http://www.espn.com/mens-college-basketball/team/_/id/275/wisconsin-badgers,,http://a.espncdn.com/combiner/i?img=/i/teamlogos/ncaa/500/275.png,10
115,Cal Poly,Mustangs,,http://www.espn.com/mens-college-basketball/team/_/id/13/cal-poly-mustangs,,http://a.espncdn.com/combiner/i?img=/i/teamlogos/ncaa/500/13.png,11
116,CSU Fullerton,Titans,,http://www.espn.com/mens-college-basketball/team/_/id/2239/csu-fullerton-titans,,http://a.espncdn.com/combiner/i?img=/i/teamlogos/ncaa/500/2239.png,11
117,CSU Northridge,Matadors,,http://www.espn.com/mens-college-basketball/team/_/id/2463/csu-northridge-matadors,,http://a.espncdn.com/combiner/i?img=/i/teamlogos/ncaa/500/2463.png,11
118,Hawai'i,Rainbow Warriors,,http://www.espn.com/mens-college-basketball/team/_/id/62/hawai'i-rainbow-warriors,,http://a.espncdn.com/combiner/i?img=/i/teamlogos/ncaa/500/62.png,11
119,Long Beach St,49ers,,http://www.espn.com/mens-college-basketball/team/_/id/299/long-beach-st-49ers,,http://a.espncdn.com/combiner/i?img=/i/teamlogos/ncaa/500/299.png,11
120,UC Davis,Aggies,,http://www.espn.com/mens-college-basketball/team/_/id/302/uc-davis-aggies,,http://a.espncdn.com/combiner/i?img=/i/teamlogos/ncaa/500/302.png,11
121,UC Irvine,Anteaters,,http://www.espn.com/mens-college-basketball/team/_/id/300/uc-irvine-anteaters,,http://a.espncdn.com/combiner/i?img=/i/teamlogos/ncaa/500/300.png,11
122,UC Riverside,Highlanders,,http://www.espn.com/mens-college-basketball/team/_/id/27/uc-riverside-highlanders,,http://a.espncdn.com/combiner/i?img=/i/teamlogos/ncaa/500/27.png,11
123,UC Santa Barbara,Gauchos,,http://www.espn.com/mens-college-basketball/team/_/id/2540/uc-santa-barbara-gauchos,,http://a.espncdn.com/combiner/i?img=/i/teamlogos/ncaa/500/2540.png,11
124,Charleston,Cougars,,http://www.espn.com/mens-college-basketball/team/_/id/232/charleston-cougars,,http://a.espncdn.com/combiner/i?img=/i/teamlogos/ncaa/500/232.png,12
125,Delaware,Blue Hens,,http://www.espn.com/mens-college-basketball/team/_/id/48/delaware-blue-hens,,http://a.espncdn.com/combiner/i?img=/i/teamlogos/ncaa/500/48.png,12
126,Drexel,Dragons,,http://www.espn.com/mens-college-basketball/team/_/id/2182/drexel-dragons,,http://a.espncdn.com/combiner/i?img=/i/teamlogos/ncaa/500/2182.png,12
127,Elon,Phoenix,,http://www.espn.com/mens-college-basketball/team/_/id/2210/elon-phoenix,,http://a.espncdn.com/combiner/i?img=/i/teamlogos/ncaa/500/2210.png,12
128,Hofstra,Pride,,http://www.espn.com/mens-college-basketball/team/_/id/2275/hofstra-pride,,http://a.espncdn.com/combiner/i?img=/i/teamlogos/ncaa/500/2275.png,12
129,James Madison,Dukes,,http://www.espn.com/mens-college-basketball/team/_/id/256/james-madison-dukes,,http://a.espncdn.com/combiner/i?img=/i/teamlogos/ncaa/500/256.png,12
130,Northeastern,Huskies,,http://www.espn.com/mens-college-basketball/team/_/id/111/northeastern-huskies,,http://a.espncdn.com/combiner/i?img=/i/teamlogos/ncaa/500/111.png,12
131,Towson,Tigers,,http://www.espn.com/mens-college-basketball/team/_/id/119/towson-tigers,,http://a.espncdn.com/combiner/i?img=/i/teamlogos/ncaa/500/119.png,12
132,UNC Wilmington,Seahawks,,http://www.espn.com/mens-college-basketball/team/_/id/350/unc-wilmington-seahawks,,http://a.espncdn.com/combiner/i?img=/i/teamlogos/ncaa/500/350.png,12
133,William & Mary,Tribe,,http://www.espn.com/mens-college-basketball/team/_/id/2729/william-%26-mary-tribe,,http://a.espncdn.com/combiner/i?img=/i/teamlogos/ncaa/500/2729.png,12
134,Charlotte,49ers,,http://www.espn.com/mens-college-basketball/team/_/id/2429/charlotte-49ers,,http://a.espncdn.com/combiner/i?img=/i/teamlogos/ncaa/500/2429.png,13
135,Florida Atlantic,Owls,,http://www.espn.com/mens-college-basketball/team/_/id/2226/florida-atlantic-owls,,http://a.espncdn.com/combiner/i?img=/i/teamlogos/ncaa/500/2226.png,13
136,Florida Int'l,Golden Panthers,,http://www.espn.com/mens-college-basketball/team/_/id/2229/florida-int'l-golden-panthers,,http://a.espncdn.com/combiner/i?img=/i/teamlogos/ncaa/500/2229.png,13
137,Louisiana Tech,Bulldogs,,http://www.espn.com/mens-college-basketball/team/_/id/2348/louisiana-tech-bulldogs,,http://a.espncdn.com/combiner/i?img=/i/teamlogos/ncaa/500/2348.png,13
138,Marshall,Thundering Herd,,http://www.espn.com/mens-college-basketball/team/_/id/276/marshall-thundering-herd,,http://a.espncdn.com/combiner/i?img=/i/teamlogos/ncaa/500/276.png,13
139,Middle Tennessee,Blue Raiders,,http://www.espn.com/mens-college-basketball/team/_/id/2393/middle-tennessee-blue-raiders,,http://a.espncdn.com/combiner/i?img=/i/teamlogos/ncaa/500/2393.png,13
140,North Texas,Mean Green,,http://www.espn.com/mens-college-basketball/team/_/id/249/north-texas-mean-green,,http://a.espncdn.com/combiner/i?img=/i/teamlogos/ncaa/500/249.png,13
141,Old Dominion,Monarchs,,http://www.espn.com/mens-college-basketball/team/_/id/295/old-dominion-monarchs,,http://a.espncdn.com/combiner/i?img=/i/teamlogos/ncaa/500/295.png,13
142,Rice,Owls,,http://www.espn.com/mens-college-basketball/team/_/id/242/rice-owls,,http://a.espncdn.com/combiner/i?img=/i/teamlogos/ncaa/500/242.png,13
143,Southern Miss,Golden Eagles,,http://www.espn.com/mens-college-basketball/team/_/id/2572/southern-miss-golden-eagles,,http://a.espncdn.com/combiner/i?img=/i/teamlogos/ncaa/500/2572.png,13
144,UAB,Blazers,,http://www.espn.com/mens-college-basketball/team/_/id/5/uab-blazers,,http://a.espncdn.com/combiner/i?img=/i/teamlogos/ncaa/500/5.png,13
145,UT San Antonio,Roadrunners,,http://www.espn.com/mens-college-basketball/team/_/id/2636/ut-san-antonio-roadrunners,,http://a.espncdn.com/combiner/i?img=/i/teamlogos/ncaa/500/2636.png,13
146,UTEP,Miners,,http://www.espn.com/mens-college-basketball/team/_/id/2638/utep-miners,,http://a.espncdn.com/combiner/i?img=/i/teamlogos/ncaa/500/2638.png,13
147,Western Kentucky,Hilltoppers,,http://www.espn.com/mens-college-basketball/team/_/id/98/western-kentucky-hilltoppers,,http://a.espncdn.com/combiner/i?img=/i/teamlogos/ncaa/500/98.png,13
148,Cleveland St,Vikings,,http://www.espn.com/mens-college-basketball/team/_/id/325/cleveland-st-vikings,,http://a.espncdn.com/combiner/i?img=/i/teamlogos/ncaa/500/325.png,14
149,Detroit Mercy,Titans,,http://www.espn.com/mens-college-basketball/team/_/id/2174/detroit-mercy-titans,,http://a.espncdn.com/combiner/i?img=/i/teamlogos/ncaa/500/2174.png,14
150,Green Bay,Phoenix,,http://www.espn.com/mens-college-basketball/team/_/id/2739/green-bay-phoenix,,http://a.espncdn.com/combiner/i?img=/i/teamlogos/ncaa/500/2739.png,14
151,IUPUI,Jaguars,,http://www.espn.com/mens-college-basketball/team/_/id/85/iupui-jaguars,,http://a.espncdn.com/combiner/i?img=/i/teamlogos/ncaa/500/85.png,14
152,Milwaukee,Panthers,,http://www.espn.com/mens-college-basketball/team/_/id/270/milwaukee-panthers,,http://a.espncdn.com/combiner/i?img=/i/teamlogos/ncaa/500/270.png,14
153,Northern Kentucky,Norse,,http://www.espn.com/mens-college-basketball/team/_/id/94/northern-kentucky-norse,,http://a.espncdn.com/combiner/i?img=/i/teamlogos/ncaa/500/94.png,14
154,Oakland,Golden Grizzlies,,http://www.espn.com/mens-college-basketball/team/_/id/2473/oakland-golden-grizzlies,,http://a.espncdn.com/combiner/i?img=/i/teamlogos/ncaa/500/2473.png,14
155,UIC,Flames,,http://www.espn.com/mens-college-basketball/team/_/id/82/uic-flames,,http://a.espncdn.com/combiner/i?img=/i/teamlogos/ncaa/500/82.png,14
156,Wright St,Raiders,,http://www.espn.com/mens-college-basketball/team/_/id/2750/wright-st-raiders,,http://a.espncdn.com/combiner/i?img=/i/teamlogos/ncaa/500/2750.png,14
157,Youngstown St,Penguins,,http://www.espn.com/mens-college-basketball/team/_/id/2754/youngstown-st-penguins,,http://a.espncdn.com/combiner/i?img=/i/teamlogos/ncaa/500/2754.png,14
158,Brown,Bears,,http://www.espn.com/mens-college-basketball/team/_/id/225/brown-bears,,http://a.espncdn.com/combiner/i?img=/i/teamlogos/ncaa/500/225.png,15
159,Columbia,Lions,,http://www.espn.com/mens-college-basketball/team/_/id/171/columbia-lions,,http://a.espncdn.com/combiner/i?img=/i/teamlogos/ncaa/500/171.png,15
160,Cornell,Big Red,,http://www.espn.com/mens-college-basketball/team/_/id/172/cornell-big-red,,http://a.espncdn.com/combiner/i?img=/i/teamlogos/ncaa/500/172.png,15
161,Dartmouth,Big Green,,http://www.espn.com/mens-college-basketball/team/_/id/159/dartmouth-big-green,,http://a.espncdn.com/combiner/i?img=/i/teamlogos/ncaa/500/159.png,15
162,Harvard,Crimson,,http://www.espn.com/mens-college-basketball/team/_/id/108/harvard-crimson,,http://a.espncdn.com/combiner/i?img=/i/teamlogos/ncaa/500/108.png,15
163,Pennsylvania,Quakers,,http://www.espn.com/mens-college-basketball/team/_/id/219/pennsylvania-quakers,,http://a.espncdn.com/combiner/i?img=/i/teamlogos/ncaa/500/219.png,15
164,Princeton,Tigers,,http://www.espn.com/mens-college-basketball/team/_/id/163/princeton-tigers,,http://a.espncdn.com/combiner/i?img=/i/teamlogos/ncaa/500/163.png,15
165,Yale,Bulldogs,,http://www.espn.com/mens-college-basketball/team/_/id/43/yale-bulldogs,,http://a.espncdn.com/combiner/i?img=/i/teamlogos/ncaa/500/43.png,15
166,Canisius,Golden Griffins,,http://www.espn.com/mens-college-basketball/team/_/id/2099/canisius-golden-griffins,,http://a.espncdn.com/combiner/i?img=/i/teamlogos/ncaa/500/2099.png,16
167,Fairfield,Stags,,http://www.espn.com/mens-college-basketball/team/_/id/2217/fairfield-stags,,http://a.espncdn.com/combiner/i?img=/i/teamlogos/ncaa/500/2217.png,16
168,Iona,Gaels,,http://www.espn.com/mens-college-basketball/team/_/id/314/iona-gaels,,http://a.espncdn.com/combiner/i?img=/i/teamlogos/ncaa/500/314.png,16
169,Manhattan,Jaspers,,http://www.espn.com/mens-college-basketball/team/_/id/2363/manhattan-jaspers,,http://a.espncdn.com/combiner/i?img=/i/teamlogos/ncaa/500/2363.png,16
170,Marist,Red Foxes,,http://www.espn.com/mens-college-basketball/team/_/id/2368/marist-red-foxes,,http://a.espncdn.com/combiner/i?img=/i/teamlogos/ncaa/500/2368.png,16
171,Monmouth,Hawks,,http://www.espn.com/mens-college-basketball/team/_/id/2405/monmouth-hawks,,http://a.espncdn.com/combiner/i?img=/i/teamlogos/ncaa/500/2405.png,16
172,Niagara,Purple Eagles,,http://www.espn.com/mens-college-basketball/team/_/id/315/niagara-purple-eagles,,http://a.espncdn.com/combiner/i?img=/i/teamlogos/ncaa/500/315.png,16
173,Quinnipiac,Bobcats,,http://www.espn.com/mens-college-basketball/team/_/id/2514/quinnipiac-bobcats,,http://a.espncdn.com/combiner/i?img=/i/teamlogos/ncaa/500/2514.png,16
174,Rider,Broncs,,http://www.espn.com/mens-college-basketball/team/_/id/2520/rider-broncs,,http://a.espncdn.com/combiner/i?img=/i/teamlogos/ncaa/500/2520.png,16
175,Saint Peter's,Peacocks,,http://www.espn.com/mens-college-basketball/team/_/id/2612/saint-peter's-peacocks,,http://a.espncdn.com/combiner/i?img=/i/teamlogos/ncaa/500/2612.png,16
176,Siena,Saints,,http://www.espn.com/mens-college-basketball/team/_/id/2561/siena-saints,,http://a.espncdn.com/combiner/i?img=/i/teamlogos/ncaa/500/2561.png,16
177,Akron,Zips,,http://www.espn.com/mens-college-basketball/team/_/id/2006/akron-zips,,http://a.espncdn.com/combiner/i?img=/i/teamlogos/ncaa/500/2006.png,17
178,Ball State,Cardinals,,http://www.espn.com/mens-college-basketball/team/_/id/2050/ball-state-cardinals,,http://a.espncdn.com/combiner/i?img=/i/teamlogos/ncaa/500/2050.png,17
179,Bowling Green,Falcons,,http://www.espn.com/mens-college-basketball/team/_/id/189/bowling-green-falcons,,http://a.espncdn.com/combiner/i?img=/i/teamlogos/ncaa/500/189.png,17
180,Buffalo,Bulls,,http://www.espn.com/mens-college-basketball/team/_/id/2084/buffalo-bulls,,http://a.espncdn.com/combiner/i?img=/i/teamlogos/ncaa/500/2084.png,17
181,Central Michigan,Chippewas,,http://www.espn.com/mens-college-basketball/team/_/id/2117/central-michigan-chippewas,,http://a.espncdn.com/combiner/i?img=/i/teamlogos/ncaa/500/2117.png,17
182,Eastern Michigan,Eagles,,http://www.espn.com/mens-college-basketball/team/_/id/2199/eastern-michigan-eagles,,http://a.espncdn.com/combiner/i?img=/i/teamlogos/ncaa/500/2199.png,17
183,Kent State,Golden Flashes,,http://www.espn.com/mens-college-basketball/team/_/id/2309/kent-state-golden-flashes,,http://a.espncdn.com/combiner/i?img=/i/teamlogos/ncaa/500/2309.png,17
184,Miami (OH),RedHawks,,http://www.espn.com/mens-college-basketball/team/_/id/193/miami-(oh)-redhawks,,http://a.espncdn.com/combiner/i?img=/i/teamlogos/ncaa/500/193.png,17
185,Northern Illinois,Huskies,,http://www.espn.com/mens-college-basketball/team/_/id/2459/northern-illinois-huskies,,http://a.espncdn.com/combiner/i?img=/i/teamlogos/ncaa/500/2459.png,17
186,Ohio,Bobcats,,http://www.espn.com/mens-college-basketball/team/_/id/195/ohio-bobcats,,http://a.espncdn.com/combiner/i?img=/i/teamlogos/ncaa/500/195.png,17
187,Toledo,Rockets,,http://www.espn.com/mens-college-basketball/team/_/id/2649/toledo-rockets,,http://a.espncdn.com/combiner/i?img=/i/teamlogos/ncaa/500/2649.png,17
188,Western Michigan,Broncos,,http://www.espn.com/mens-college-basketball/team/_/id/2711/western-michigan-broncos,,http://a.espncdn.com/combiner/i?img=/i/teamlogos/ncaa/500/2711.png,17
189,Bethune-Cookman,Wildcats,,http://www.espn.com/mens-college-basketball/team/_/id/2065/bethune-cookman-wildcats,,http://a.espncdn.com/combiner/i?img=/i/teamlogos/ncaa/500/2065.png,18
190,Coppin St,Eagles,,http://www.espn.com/mens-college-basketball/team/_/id/2154/coppin-st-eagles,,http://a.espncdn.com/combiner/i?img=/i/teamlogos/ncaa/500/2154.png,18
191,Delaware St,Hornets,,http://www.espn.com/mens-college-basketball/team/_/id/2169/delaware-st-hornets,,http://a.espncdn.com/combiner/i?img=/i/teamlogos/ncaa/500/2169.png,18
192,Florida A&M,Rattlers,,http://www.espn.com/mens-college-basketball/team/_/id/50/florida-a%26m-rattlers,,http://a.espncdn.com/combiner/i?img=/i/teamlogos/ncaa/500/50.png,18
193,Hampton,Pirates,,http://www.espn.com/mens-college-basketball/team/_/id/2261/hampton-pirates,,http://a.espncdn.com/combiner/i?img=/i/teamlogos/ncaa/500/2261.png,18
194,Howard,Bison,,http://www.espn.com/mens-college-basketball/team/_/id/47/howard-bison,,http://a.espncdn.com/combiner/i?img=/i/teamlogos/ncaa/500/47.png,18
195,Maryland-Eastern Shore,Hawks,,http://www.espn.com/mens-college-basketball/team/_/id/2379/maryland-eastern-shore-shore-hawks,,http://a.espncdn.com/combiner/i?img=/i/teamlogos/ncaa/500/2379.png,18
196,Morgan St,Bears,,http://www.espn.com/mens-college-basketball/team/_/id/2415/morgan-st-bears,,http://a.espncdn.com/combiner/i?img=/i/teamlogos/ncaa/500/2415.png,18
197,Norfolk St,Spartans,,http://www.espn.com/mens-college-basketball/team/_/id/2450/norfolk-st-spartans,,http://a.espncdn.com/combiner/i?img=/i/teamlogos/ncaa/500/2450.png,18
198,North Carolina A&T,Aggies,,http://www.espn.com/mens-college-basketball/team/_/id/2448/north-carolina-a%26t-aggies,,http://a.espncdn.com/combiner/i?img=/i/teamlogos/ncaa/500/2448.png,18
199,North Carolina Central,Eagles,,http://www.espn.com/mens-college-basketball/team/_/id/2428/north-carolina-central-eagles,,http://a.espncdn.com/combiner/i?img=/i/teamlogos/ncaa/500/2428.png,18
200,Savannah St,Tigers,,http://www.espn.com/mens-college-basketball/team/_/id/2542/savannah-st-tigers,,http://a.espncdn.com/combiner/i?img=/i/teamlogos/ncaa/500/2542.png,18
201,South Carolina St,Bulldogs,,http://www.espn.com/mens-college-basketball/team/_/id/2569/south-carolina-st-bulldogs,,http://a.espncdn.com/combiner/i?img=/i/teamlogos/ncaa/500/2569.png,18
202,Bradley,Braves,,http://www.espn.com/mens-college-basketball/team/_/id/71/bradley-braves,,http://a.espncdn.com/combiner/i?img=/i/teamlogos/ncaa/500/71.png,19
203,Drake,Bulldogs,,http://www.espn.com/mens-college-basketball/team/_/id/2181/drake-bulldogs,,http://a.espncdn.com/combiner/i?img=/i/teamlogos/ncaa/500/2181.png,19
204,Evansville,Purple Aces,,http://www.espn.com/mens-college-basketball/team/_/id/339/evansville-purple-aces,,http://a.espncdn.com/combiner/i?img=/i/teamlogos/ncaa/500/339.png,19
205,Illinois St,Redbirds,,http://www.espn.com/mens-college-basketball/team/_/id/2287/illinois-st-redbirds,,http://a.espncdn.com/combiner/i?img=/i/teamlogos/ncaa/500/2287.png,19
206,Indiana St,Sycamores,,http://www.espn.com/mens-college-basketball/team/_/id/282/indiana-st-sycamores,,http://a.espncdn.com/combiner/i?img=/i/teamlogos/ncaa/500/282.png,19
207,Loyola (Chi),Ramblers,,http://www.espn.com/mens-college-basketball/team/_/id/2350/loyola-(chi)-ramblers,,http://a.espncdn.com/combiner/i?img=/i/teamlogos/ncaa/500/2350.png,19
208,Missouri St,Bears,,http://www.espn.com/mens-college-basketball/team/_/id/2623/missouri-st-bears,,http://a.espncdn.com/combiner/i?img=/i/teamlogos/ncaa/500/2623.png,19
209,Northern Iowa,Panthers,,http://www.espn.com/mens-college-basketball/team/_/id/2460/northern-iowa-panthers,,http://a.espncdn.com/combiner/i?img=/i/teamlogos/ncaa/500/2460.png,19
210,Southern Illinois,Salukis,,http://www.espn.com/mens-college-basketball/team/_/id/79/southern-illinois-salukis,,http://a.espncdn.com/combiner/i?img=/i/teamlogos/ncaa/500/79.png,19
211,Valparaiso,Crusaders,,http://www.espn.com/mens-college-basketball/team/_/id/2674/valparaiso-crusaders,,http://a.espncdn.com/combiner/i?img=/i/teamlogos/ncaa/500/2674.png,19
212,Air Force,Falcons,,http://www.espn.com/mens-college-basketball/team/_/id/2005/air-force-falcons,,http://a.espncdn.com/combiner/i?img=/i/teamlogos/ncaa/500/2005.png,20
213,Boise State,Broncos,,http://www.espn.com/mens-college-basketball/team/_/id/68/boise-state-broncos,,http://a.espncdn.com/combiner/i?img=/i/teamlogos/ncaa/500/68.png,20
214,Colorado St,Rams,,http://www.espn.com/mens-college-basketball/team/_/id/36/colorado-st-rams,,http://a.espncdn.com/combiner/i?img=/i/teamlogos/ncaa/500/36.png,20
215,Fresno St,Bulldogs,,http://www.espn.com/mens-college-basketball/team/_/id/278/fresno-st-bulldogs,,http://a.espncdn.com/combiner/i?img=/i/teamlogos/ncaa/500/278.png,20
216,Nevada,Wolf Pack,,http://www.espn.com/mens-college-basketball/team/_/id/2440/nevada-wolf-pack,,http://a.espncdn.com/combiner/i?img=/i/teamlogos/ncaa/500/2440.png,20
217,New Mexico,Lobos,,http://www.espn.com/mens-college-basketball/team/_/id/167/new-mexico-lobos,,http://a.espncdn.com/combiner/i?img=/i/teamlogos/ncaa/500/167.png,20
218,San Diego St,Aztecs,,http://www.espn.com/mens-college-basketball/team/_/id/21/san-diego-st-aztecs,,http://a.espncdn.com/combiner/i?img=/i/teamlogos/ncaa/500/21.png,20
219,San José St,Spartans,,http://www.espn.com/mens-college-basketball/team/_/id/23/san-jos%C3%A9-st-spartans,,http://a.espncdn.com/combiner/i?img=/i/teamlogos/ncaa/500/23.png,20
220,UNLV,Rebels,,http://www.espn.com/mens-college-basketball/team/_/id/2439/unlv-rebels,,http://a.espncdn.com/combiner/i?img=/i/teamlogos/ncaa/500/2439.png,20
221,Utah State,Aggies,,http://www.espn.com/mens-college-basketball/team/_/id/328/utah-state-aggies,,http://a.espncdn.com/combiner/i?img=/i/teamlogos/ncaa/500/328.png,20
222,Wyoming,Cowboys,,http://www.espn.com/mens-college-basketball/team/_/id/2751/wyoming-cowboys,,http://a.espncdn.com/combiner/i?img=/i/teamlogos/ncaa/500/2751.png,20
223,Bryant,Bulldogs,,http://www.espn.com/mens-college-basketball/team/_/id/2803/bryant-bulldogs,,http://a.espncdn.com/combiner/i?img=/i/teamlogos/ncaa/500/2803.png,21
224,Central Connecticut St,Blue Devils,,http://www.espn.com/mens-college-basketball/team/_/id/2115/central-connecticut-st-blue-devils,,http://a.espncdn.com/combiner/i?img=/i/teamlogos/ncaa/500/2115.png,21
225,Fairleigh Dickinson,Knights,,http://www.espn.com/mens-college-basketball/team/_/id/161/fairleigh-dickinson-knights,,http://a.espncdn.com/combiner/i?img=/i/teamlogos/ncaa/500/161.png,21
226,LIU Brooklyn,Blackbirds,,http://www.espn.com/mens-college-basketball/team/_/id/2341/liu-brooklyn-blackbirds,,http://a.espncdn.com/combiner/i?img=/i/teamlogos/ncaa/500/2341.png,21
227,Mt. St. Mary's,Mountaineers,,http://www.espn.com/mens-college-basketball/team/_/id/116/mt.-st.-mary's-mountaineers,,http://a.espncdn.com/combiner/i?img=/i/teamlogos/ncaa/500/116.png,21
228,Robert Morris,Colonials,,http://www.espn.com/mens-college-basketball/team/_/id/2523/robert-morris-colonials,,http://a.espncdn.com/combiner/i?img=/i/teamlogos/ncaa/500/2523.png,21
229,Sacred Heart,Pioneers,,http://www.espn.com/mens-college-basketball/team/_/id/2529/sacred-heart-pioneers,,http://a.espncdn.com/combiner/i?img=/i/teamlogos/ncaa/500/2529.png,21
230,St. Francis (PA),Red Flash,,http://www.espn.com/mens-college-basketball/team/_/id/2598/st.-francis-(pa)-red-flash,,http://a.espncdn.com/combiner/i?img=/i/teamlogos/ncaa/500/2598.png,21
231,St. Francis BKN,Terriers,,http://www.espn.com/mens-college-basketball/team/_/id/2597/st.-francis-bkn-terriers,,http://a.espncdn.com/combiner/i?img=/i/teamlogos/ncaa/500/2597.png,21
232,Wagner,Seahawks,,http://www.espn.com/mens-college-basketball/team/_/id/2681/wagner-seahawks,,http://a.espncdn.com/combiner/i?img=/i/teamlogos/ncaa/500/2681.png,21
233,Austin Peay,Governors,,http://www.espn.com/mens-college-basketball/team/_/id/2046/austin-peay-governors,,http://a.espncdn.com/combiner/i?img=/i/teamlogos/ncaa/500/2046.png,22
234,Belmont,Bruins,,http://www.espn.com/mens-college-basketball/team/_/id/2057/belmont-bruins,,http://a.espncdn.com/combiner/i?img=/i/teamlogos/ncaa/500/2057.png,22
235,Eastern Illinois,Panthers,,http://www.espn.com/mens-college-basketball/team/_/id/2197/eastern-illinois-panthers,,http://a.espncdn.com/combiner/i?img=/i/teamlogos/ncaa/500/2197.png,22
236,Eastern Kentucky,Colonels,,http://www.espn.com/mens-college-basketball/team/_/id/2198/eastern-kentucky-colonels,,http://a.espncdn.com/combiner/i?img=/i/teamlogos/ncaa/500/2198.png,22
237,Jacksonville St,Gamecocks,,http://www.espn.com/mens-college-basketball/team/_/id/55/jacksonville-st-gamecocks,,http://a.espncdn.com/combiner/i?img=/i/teamlogos/ncaa/500/55.png,22
238,Morehead St,Eagles,,http://www.espn.com/mens-college-basketball/team/_/id/2413/morehead-st-eagles,,http://a.espncdn.com/combiner/i?img=/i/teamlogos/ncaa/500/2413.png,22
239,Murray St,Racers,,http://www.espn.com/mens-college-basketball/team/_/id/93/murray-st-racers,,http://a.espncdn.com/combiner/i?img=/i/teamlogos/ncaa/500/93.png,22
240,SE Missouri St,Redhawks,,http://www.espn.com/mens-college-basketball/team/_/id/2546/se-missouri-st-redhawks,,http://a.espncdn.com/combiner/i?img=/i/teamlogos/ncaa/500/2546.png,22
241,SIU-Edwardsville,Cougars,,http://www.espn.com/mens-college-basketball/team/_/id/2565/siu-edwardsville-cougars,,http://a.espncdn.com/combiner/i?img=/i/teamlogos/ncaa/500/2565.png,22
242,Tenn-Martin,Skyhawks,,http://www.espn.com/mens-college-basketball/team/_/id/2630/tenn-martin-skyhawks,,http://a.espncdn.com/combiner/i?img=/i/teamlogos/ncaa/500/2630.png,22
243,Tennessee St,Tigers,,http://www.espn.com/mens-college-basketball/team/_/id/2634/tennessee-st-tigers,,http://a.espncdn.com/combiner/i?img=/i/teamlogos/ncaa/500/2634.png,22
244,Tennessee Tech,Golden Eagles,,http://www.espn.com/mens-college-basketball/team/_/id/2635/tennessee-tech-golden-eagles,,http://a.espncdn.com/combiner/i?img=/i/teamlogos/ncaa/500/2635.png,22
245,Arizona,Wildcats,,http://www.espn.com/mens-college-basketball/team/_/id/12/arizona-wildcats,,http://a.espncdn.com/combiner/i?img=/i/teamlogos/ncaa/500/12.png,23
246,Arizona St,Sun Devils,,http://www.espn.com/mens-college-basketball/team/_/id/9/arizona-st-sun-devils,,http://a.espncdn.com/combiner/i?img=/i/teamlogos/ncaa/500/9.png,23
247,California,Golden Bears,,http://www.espn.com/mens-college-basketball/team/_/id/25/california-golden-bears,,http://a.espncdn.com/combiner/i?img=/i/teamlogos/ncaa/500/25.png,23
248,Colorado,Buffaloes,,http://www.espn.com/mens-college-basketball/team/_/id/38/colorado-buffaloes,,http://a.espncdn.com/combiner/i?img=/i/teamlogos/ncaa/500/38.png,23
249,Oregon,Ducks,,http://www.espn.com/mens-college-basketball/team/_/id/2483/oregon-ducks,,http://a.espncdn.com/combiner/i?img=/i/teamlogos/ncaa/500/2483.png,23
250,Oregon St,Beavers,,http://www.espn.com/mens-college-basketball/team/_/id/204/oregon-st-beavers,,http://a.espncdn.com/combiner/i?img=/i/teamlogos/ncaa/500/204.png,23
251,Stanford,Cardinal,,http://www.espn.com/mens-college-basketball/team/_/id/24/stanford-cardinal,,http://a.espncdn.com/combiner/i?img=/i/teamlogos/ncaa/500/24.png,23
252,UCLA,Bruins,,http://www.espn.com/mens-college-basketball/team/_/id/26/ucla-bruins,,http://a.espncdn.com/combiner/i?img=/i/teamlogos/ncaa/500/26.png,23
253,USC,Trojans,,http://www.espn.com/mens-college-basketball/team/_/id/30/usc-trojans,,http://a.espncdn.com/combiner/i?img=/i/teamlogos/ncaa/500/30.png,23
254,Utah,Utes,,http://www.espn.com/mens-college-basketball/team/_/id/254/utah-utes,,http://a.espncdn.com/combiner/i?img=/i/teamlogos/ncaa/500/254.png,23
255,Washington,Huskies,,http://www.espn.com/mens-college-basketball/team/_/id/264/washington-huskies,,http://a.espncdn.com/combiner/i?img=/i/teamlogos/ncaa/500/264.png,23
256,Washington St,Cougars,,http://www.espn.com/mens-college-basketball/team/_/id/265/washington-st-cougars,,http://a.espncdn.com/combiner/i?img=/i/teamlogos/ncaa/500/265.png,23
257,American,Eagles,,http://www.espn.com/mens-college-basketball/team/_/id/44/american-eagles,,http://a.espncdn.com/combiner/i?img=/i/teamlogos/ncaa/500/44.png,24
258,Army,Knights,,http://www.espn.com/mens-college-basketball/team/_/id/349/army-knights,,http://a.espncdn.com/combiner/i?img=/i/teamlogos/ncaa/500/349.png,24
259,Boston Univ.,Terriers,,http://www.espn.com/mens-college-basketball/team/_/id/104/boston-univ.-terriers,,http://a.espncdn.com/combiner/i?img=/i/teamlogos/ncaa/500/104.png,24
260,Bucknell,Bison,,http://www.espn.com/mens-college-basketball/team/_/id/2083/bucknell-bison,,http://a.espncdn.com/combiner/i?img=/i/teamlogos/ncaa/500/2083.png,24
261,Colgate,Raiders,,http://www.espn.com/mens-college-basketball/team/_/id/2142/colgate-raiders,,http://a.espncdn.com/combiner/i?img=/i/teamlogos/ncaa/500/2142.png,24
262,Holy Cross,Crusaders,,http://www.espn.com/mens-college-basketball/team/_/id/107/holy-cross-crusaders,,http://a.espncdn.com/combiner/i?img=/i/teamlogos/ncaa/500/107.png,24
263,Lafayette,Leopards,,http://www.espn.com/mens-college-basketball/team/_/id/322/lafayette-leopards,,http://a.espncdn.com/combiner/i?img=/i/teamlogos/ncaa/500/322.png,24
264,Lehigh,Mountain Hawks,,http://www.espn.com/mens-college-basketball/team/_/id/2329/lehigh-mountain-hawks,,http://a.espncdn.com/combiner/i?img=/i/teamlogos/ncaa/500/2329.png,24
265,Loyola (MD),Greyhounds,,http://www.espn.com/mens-college-basketball/team/_/id/2352/loyola-(md)-greyhounds,,http://a.espncdn.com/combiner/i?img=/i/teamlogos/ncaa/500/2352.png,24
266,Navy,Midshipmen,,http://www.espn.com/mens-college-basketball/team/_/id/2426/navy-midshipmen,,http://a.espncdn.com/combiner/i?img=/i/teamlogos/ncaa/500/2426.png,24
267,Alabama,Crimson Tide,,http://www.espn.com/mens-college-basketball/team/_/id/333/alabama-crimson-tide,,http://a.espncdn.com/combiner/i?img=/i/teamlogos/ncaa/500/333.png,25
268,Arkansas,Razorbacks,,http://www.espn.com/mens-college-basketball/team/_/id/8/arkansas-razorbacks,,http://a.espncdn.com/combiner/i?img=/i/teamlogos/ncaa/500/8.png,25
269,Auburn,Tigers,,http://www.espn.com/mens-college-basketball/team/_/id/2/auburn-tigers,,http://a.espncdn.com/combiner/i?img=/i/teamlogos/ncaa/500/2.png,25
270,Florida,Gators,,http://www.espn.com/mens-college-basketball/team/_/id/57/florida-gators,,http://a.espncdn.com/combiner/i?img=/i/teamlogos/ncaa/500/57.png,25
271,Georgia,Bulldogs,,http://www.espn.com/mens-college-basketball/team/_/id/61/georgia-bulldogs,,http://a.espncdn.com/combiner/i?img=/i/teamlogos/ncaa/500/61.png,25
272,Kentucky,Wildcats,,http://www.espn.com/mens-college-basketball/team/_/id/96/kentucky-wildcats,,http://a.espncdn.com/combiner/i?img=/i/teamlogos/ncaa/500/96.png,25
273,LSU,Tigers,,http://www.espn.com/mens-college-basketball/team/_/id/99/lsu-tigers,,http://a.espncdn.com/combiner/i?img=/i/teamlogos/ncaa/500/99.png,25
274,Mississippi St,Bulldogs,,http://www.espn.com/mens-college-basketball/team/_/id/344/mississippi-st-bulldogs,,http://a.espncdn.com/combiner/i?img=/i/teamlogos/ncaa/500/344.png,25
275,Missouri,Tigers,,http://www.espn.com/mens-college-basketball/team/_/id/142/missouri-tigers,,http://a.espncdn.com/combiner/i?img=/i/teamlogos/ncaa/500/142.png,25
276,Ole Miss,Rebels,,http://www.espn.com/mens-college-basketball/team/_/id/145/ole-miss-rebels,,http://a.espncdn.com/combiner/i?img=/i/teamlogos/ncaa/500/145.png,25
277,South Carolina,Gamecocks,,http://www.espn.com/mens-college-basketball/team/_/id/2579/south-carolina-gamecocks,,http://a.espncdn.com/combiner/i?img=/i/teamlogos/ncaa/500/2579.png,25
278,Tennessee,Volunteers,,http://www.espn.com/mens-college-basketball/team/_/id/2633/tennessee-volunteers,,http://a.espncdn.com/combiner/i?img=/i/teamlogos/ncaa/500/2633.png,25
279,Texas A&M,Aggies,,http://www.espn.com/mens-college-basketball/team/_/id/245/texas-a%26m-aggies,,http://a.espncdn.com/combiner/i?img=/i/teamlogos/ncaa/500/245.png,25
280,Vanderbilt,Commodores,,http://www.espn.com/mens-college-basketball/team/_/id/238/vanderbilt-commodores,,http://a.espncdn.com/combiner/i?img=/i/teamlogos/ncaa/500/238.png,25
281,Chattanooga,Mocs,,http://www.espn.com/mens-college-basketball/team/_/id/236/chattanooga-mocs,,http://a.espncdn.com/combiner/i?img=/i/teamlogos/ncaa/500/236.png,26
282,East Tennessee St,Buccaneers,,http://www.espn.com/mens-college-basketball/team/_/id/2193/east-tennessee-st-buccaneers,,http://a.espncdn.com/combiner/i?img=/i/teamlogos/ncaa/500/2193.png,26
283,Furman,Paladins,,http://www.espn.com/mens-college-basketball/team/_/id/231/furman-paladins,,http://a.espncdn.com/combiner/i?img=/i/teamlogos/ncaa/500/231.png,26
284,Mercer,Bears,,http://www.espn.com/mens-college-basketball/team/_/id/2382/mercer-bears,,http://a.espncdn.com/combiner/i?img=/i/teamlogos/ncaa/500/2382.png,26
285,Samford,Bulldogs,,http://www.espn.com/mens-college-basketball/team/_/id/2535/samford-bulldogs,,http://a.espncdn.com/combiner/i?img=/i/teamlogos/ncaa/500/2535.png,26
286,The Citadel,Bulldogs,,http://www.espn.com/mens-college-basketball/team/_/id/2643/the-citadel-bulldogs,,http://a.espncdn.com/combiner/i?img=/i/teamlogos/ncaa/500/2643.png,26
287,UNC Greensboro,Spartans,,http://www.espn.com/mens-college-basketball/team/_/id/2430/unc-greensboro-spartans,,http://a.espncdn.com/combiner/i?img=/i/teamlogos/ncaa/500/2430.png,26
288,VMI,Keydets,,http://www.espn.com/mens-college-basketball/team/_/id/2678/vmi-keydets,,http://a.espncdn.com/combiner/i?img=/i/teamlogos/ncaa/500/2678.png,26
289,Western Carolina,Catamounts,,http://www.espn.com/mens-college-basketball/team/_/id/2717/western-carolina-catamounts,,http://a.espncdn.com/combiner/i?img=/i/teamlogos/ncaa/500/2717.png,26
290,Wofford,Terriers,,http://www.espn.com/mens-college-basketball/team/_/id/2747/wofford-terriers,,http://a.espncdn.com/combiner/i?img=/i/teamlogos/ncaa/500/2747.png,26
291,Abilene Christian,Wildcats,,http://www.espn.com/mens-college-basketball/team/_/id/2000/abilene-christian-wildcats,,http://a.espncdn.com/combiner/i?img=/i/teamlogos/ncaa/500/2000.png,27
292,Central Arkansas,Bears,,http://www.espn.com/mens-college-basketball/team/_/id/2110/central-arkansas-bears,,http://a.espncdn.com/combiner/i?img=/i/teamlogos/ncaa/500/2110.png,27
293,Houston Baptist,Huskies,,http://www.espn.com/mens-college-basketball/team/_/id/2277/houston-baptist-huskies,,http://a.espncdn.com/combiner/i?img=/i/teamlogos/ncaa/500/2277.png,27
294,Incarnate Word,Cardinals,,http://www.espn.com/mens-college-basketball/team/_/id/2916/incarnate-word-cardinals,,http://a.espncdn.com/combiner/i?img=/i/teamlogos/ncaa/500/2916.png,27
295,Lamar,Cardinals,,http://www.espn.com/mens-college-basketball/team/_/id/2320/lamar-cardinals,,http://a.espncdn.com/combiner/i?img=/i/teamlogos/ncaa/500/2320.png,27
296,McNeese St,Cowboys,,http://www.espn.com/mens-college-basketball/team/_/id/2377/mcneese-st-cowboys,,http://a.espncdn.com/combiner/i?img=/i/teamlogos/ncaa/500/2377.png,27
297,New Orleans,Privateers,,http://www.espn.com/mens-college-basketball/team/_/id/2443/new-orleans-privateers,,http://a.espncdn.com/combiner/i?img=/i/teamlogos/ncaa/500/2443.png,27
298,Nicholls St,Colonels,,http://www.espn.com/mens-college-basketball/team/_/id/2447/nicholls-st-colonels,,http://a.espncdn.com/combiner/i?img=/i/teamlogos/ncaa/500/2447.png,27
299,Northwestern St,Demons,,http://www.espn.com/mens-college-basketball/team/_/id/2466/northwestern-st-demons,,http://a.espncdn.com/combiner/i?img=/i/teamlogos/ncaa/500/2466.png,27
300,Sam Houston St,Bearkats,,http://www.espn.com/mens-college-basketball/team/_/id/2534/sam-houston-st-bearkats,,http://a.espncdn.com/combiner/i?img=/i/teamlogos/ncaa/500/2534.png,27
301,SE Louisiana,Lions,,http://www.espn.com/mens-college-basketball/team/_/id/2545/se-louisiana-lions,,http://a.espncdn.com/combiner/i?img=/i/teamlogos/ncaa/500/2545.png,27
302,Stephen F. Austin,Lumberjacks,,http://www.espn.com/mens-college-basketball/team/_/id/2617/stephen-f.-austin-lumberjacks,,http://a.espncdn.com/combiner/i?img=/i/teamlogos/ncaa/500/2617.png,27
303,Texas A&M-CC,Islanders,,http://www.espn.com/mens-college-basketball/team/_/id/357/texas-a%26m-cc-islanders,,http://a.espncdn.com/combiner/i?img=/i/teamlogos/ncaa/500/357.png,27
304,Alabama A&M,Bulldogs,,http://www.espn.com/mens-college-basketball/team/_/id/2010/alabama-a%26m-bulldogs,,http://a.espncdn.com/combiner/i?img=/i/teamlogos/ncaa/500/2010.png,28
305,Alabama St,Hornets,,http://www.espn.com/mens-college-basketball/team/_/id/2011/alabama-st-hornets,,http://a.espncdn.com/combiner/i?img=/i/teamlogos/ncaa/500/2011.png,28
306,Alcorn St,Braves,,http://www.espn.com/mens-college-basketball/team/_/id/2016/alcorn-st-braves,,http://a.espncdn.com/combiner/i?img=/i/teamlogos/ncaa/500/2016.png,28
307,Arkansas-Pine Bluff,Golden Lions,,http://www.espn.com/mens-college-basketball/team/_/id/2029/arkansas-pine-bluff-golden-lions,,http://a.espncdn.com/combiner/i?img=/i/teamlogos/ncaa/500/2029.png,28
308,Grambling St,Tigers,,http://www.espn.com/mens-college-basketball/team/_/id/2755/grambling-st-tigers,,http://a.espncdn.com/combiner/i?img=/i/teamlogos/ncaa/500/2755.png,28
309,Jackson St,Tigers,,http://www.espn.com/mens-college-basketball/team/_/id/2296/jackson-st-tigers,,http://a.espncdn.com/combiner/i?img=/i/teamlogos/ncaa/500/2296.png,28
310,Miss Valley St,Delta Devils,,http://www.espn.com/mens-college-basketball/team/_/id/2400/miss-valley-st-delta-devils,,http://a.espncdn.com/combiner/i?img=/i/teamlogos/ncaa/500/2400.png,28
311,Prairie View,Panthers,,http://www.espn.com/mens-college-basketball/team/_/id/2504/prairie-view-panthers,,http://a.espncdn.com/combiner/i?img=/i/teamlogos/ncaa/500/2504.png,28
312,Southern,Jaguars,,http://www.espn.com/mens-college-basketball/team/_/id/2582/southern-jaguars,,http://a.espncdn.com/combiner/i?img=/i/teamlogos/ncaa/500/2582.png,28
313,Texas Southern,Tigers,,http://www.espn.com/mens-college-basketball/team/_/id/2640/texas-southern-tigers,,http://a.espncdn.com/combiner/i?img=/i/teamlogos/ncaa/500/2640.png,28
314,Denver,Pioneers,,http://www.espn.com/mens-college-basketball/team/_/id/2172/denver-pioneers,,http://a.espncdn.com/combiner/i?img=/i/teamlogos/ncaa/500/2172.png,29
315,Fort Wayne,Mastodons,,http://www.espn.com/mens-college-basketball/team/_/id/2870/fort-wayne-mastodons,,http://a.espncdn.com/combiner/i?img=/i/teamlogos/ncaa/500/2870.png,29
316,North Dakota St,Bison,,http://www.espn.com/mens-college-basketball/team/_/id/2449/north-dakota-st-bison,,http://a.espncdn.com/combiner/i?img=/i/teamlogos/ncaa/500/2449.png,29
317,Omaha,Mavericks,,http://www.espn.com/mens-college-basketball/team/_/id/2437/omaha-mavericks,,http://a.espncdn.com/combiner/i?img=/i/teamlogos/ncaa/500/2437.png,29
318,Oral Roberts,Golden Eagles,,http://www.espn.com/mens-college-basketball/team/_/id/198/oral-roberts-golden-eagles,,http://a.espncdn.com/combiner/i?img=/i/teamlogos/ncaa/500/198.png,29
319,South Dakota,Coyotes,,http://www.espn.com/mens-college-basketball/team/_/id/233/south-dakota-coyotes,,http://a.espncdn.com/combiner/i?img=/i/teamlogos/ncaa/500/233.png,29
320,South Dakota St,Jackrabbits,,http://www.espn.com/mens-college-basketball/team/_/id/2571/south-dakota-st-jackrabbits,,http://a.espncdn.com/combiner/i?img=/i/teamlogos/ncaa/500/2571.png,29
321,Western Illinois,Leathernecks,,http://www.espn.com/mens-college-basketball/team/_/id/2710/western-illinois-leathernecks,,http://a.espncdn.com/combiner/i?img=/i/teamlogos/ncaa/500/2710.png,29
322,Appalachian St,Mountaineers,,http://www.espn.com/mens-college-basketball/team/_/id/2026/appalachian-st-mountaineers,,http://a.espncdn.com/combiner/i?img=/i/teamlogos/ncaa/500/2026.png,30
323,Arkansas St,Red Wolves,,http://www.espn.com/mens-college-basketball/team/_/id/2032/arkansas-st-red-wolves,,http://a.espncdn.com/combiner/i?img=/i/teamlogos/ncaa/500/2032.png,30
324,Arkansas-Little Rock,Trojans,,http://www.espn.com/mens-college-basketball/team/_/id/2031/arkansas-little-rock-trojans,,http://a.espncdn.com/combiner/i?img=/i/teamlogos/ncaa/500/2031.png,30
325,Coastal Carolina,Chanticleers,,http://www.espn.com/mens-college-basketball/team/_/id/324/coastal-carolina-chanticleers,,http://a.espncdn.com/combiner/i?img=/i/teamlogos/ncaa/500/324.png,30
326,Georgia Southern,Eagles,,http://www.espn.com/mens-college-basketball/team/_/id/290/georgia-southern-eagles,,http://a.espncdn.com/combiner/i?img=/i/teamlogos/ncaa/500/290.png,30
327,Georgia St,Georgia State,,http://www.espn.com/mens-college-basketball/team/_/id/2247/georgia-st-georgia-state,,http://a.espncdn.com/combiner/i?img=/i/teamlogos/ncaa/500/2247.png,30
328,Louisiana,Ragin' Cajuns,,http://www.espn.com/mens-college-basketball/team/_/id/309/louisiana-ragin'-cajuns,,http://a.espncdn.com/combiner/i?img=/i/teamlogos/ncaa/500/309.png,30
329,South Alabama,Jaguars,,http://www.espn.com/mens-college-basketball/team/_/id/6/south-alabama-jaguars,,http://a.espncdn.com/combiner/i?img=/i/teamlogos/ncaa/500/6.png,30
330,Texas State,Bobcats,,http://www.espn.com/mens-college-basketball/team/_/id/326/texas-state-bobcats,,http://a.espncdn.com/combiner/i?img=/i/teamlogos/ncaa/500/326.png,30
331,Troy,Trojans,,http://www.espn.com/mens-college-basketball/team/_/id/2653/troy-trojans,,http://a.espncdn.com/combiner/i?img=/i/teamlogos/ncaa/500/2653.png,30
332,UL Monroe,Warhawks,,http://www.espn.com/mens-college-basketball/team/_/id/2433/ul-monroe-warhawks,,http://a.espncdn.com/combiner/i?img=/i/teamlogos/ncaa/500/2433.png,30
333,UT-Arlington,Mavericks,,http://www.espn.com/mens-college-basketball/team/_/id/250/ut-arlington-mavericks,,http://a.espncdn.com/combiner/i?img=/i/teamlogos/ncaa/500/250.png,30
334,BYU,Cougars,,http://www.espn.com/mens-college-basketball/team/_/id/252/byu-cougars,,http://a.espncdn.com/combiner/i?img=/i/teamlogos/ncaa/500/252.png,31
335,Gonzaga,Bulldogs,,http://www.espn.com/mens-college-basketball/team/_/id/2250/gonzaga-bulldogs,,http://a.espncdn.com/combiner/i?img=/i/teamlogos/ncaa/500/2250.png,31
336,Loyola Marymount,Lions,,http://www.espn.com/mens-college-basketball/team/_/id/2351/loyola-marymount-lions,,http://a.espncdn.com/combiner/i?img=/i/teamlogos/ncaa/500/2351.png,31
337,Pacific,Tigers,,http://www.espn.com/mens-college-basketball/team/_/id/279/pacific-tigers,,http://a.espncdn.com/combiner/i?img=/i/teamlogos/ncaa/500/279.png,31
338,Pepperdine,Waves,,http://www.espn.com/mens-college-basketball/team/_/id/2492/pepperdine-waves,,http://a.espncdn.com/combiner/i?img=/i/teamlogos/ncaa/500/2492.png,31
339,Portland,Pilots,,http://www.espn.com/mens-college-basketball/team/_/id/2501/portland-pilots,,http://a.espncdn.com/combiner/i?img=/i/teamlogos/ncaa/500/2501.png,31
340,Saint Mary's,Gaels,,http://www.espn.com/mens-college-basketball/team/_/id/2608/saint-mary's-gaels,,http://a.espncdn.com/combiner/i?img=/i/teamlogos/ncaa/500/2608.png,31
341,San Diego,Toreros,,http://www.espn.com/mens-college-basketball/team/_/id/301/san-diego-toreros,,http://a.espncdn.com/combiner/i?img=/i/teamlogos/ncaa/500/301.png,31
342,San Francisco,Dons,,http://www.espn.com/mens-college-basketball/team/_/id/2539/san-francisco-dons,,http://a.espncdn.com/combiner/i?img=/i/teamlogos/ncaa/500/2539.png,31
343,Santa Clara,Broncos,,http://www.espn.com/mens-college-basketball/team/_/id/2541/santa-clara-broncos,,http://a.espncdn.com/combiner/i?img=/i/teamlogos/ncaa/500/2541.png,31
344,Chicago St,Cougars,,http://www.espn.com/mens-college-basketball/team/_/id/2130/chicago-st-cougars,,http://a.espncdn.com/combiner/i?img=/i/teamlogos/ncaa/500/2130.png,32
345,CSU Bakersfield,Roadrunners,,http://www.espn.com/mens-college-basketball/team/_/id/2934/csu-bakersfield-roadrunners,,http://a.espncdn.com/combiner/i?img=/i/teamlogos/ncaa/500/2934.png,32
346,Grand Canyon,Antelopes,,http://www.espn.com/mens-college-basketball/team/_/id/2253/grand-canyon-antelopes,,http://a.espncdn.com/combiner/i?img=/i/teamlogos/ncaa/500/2253.png,32
347,New Mexico St,Aggies,,http://www.espn.com/mens-college-basketball/team/_/id/166/new-mexico-st-aggies,,http://a.espncdn.com/combiner/i?img=/i/teamlogos/ncaa/500/166.png,32
348,Seattle,Redhawks,,http://www.espn.com/mens-college-basketball/team/_/id/2547/seattle-redhawks,,http://a.espncdn.com/combiner/i?img=/i/teamlogos/ncaa/500/2547.png,32
349,UMKC,Kangaroos,,http://www.espn.com/mens-college-basketball/team/_/id/140/umkc-kangaroos,,http://a.espncdn.com/combiner/i?img=/i/teamlogos/ncaa/500/140.png,32
350,UT Rio Grande Valley,Vaqueros,,http://www.espn.com/mens-college-basketball/team/_/id/292/ut-rio-grande-valley-vaqueros,,http://a.espncdn.com/combiner/i?img=/i/teamlogos/ncaa/500/292.png,32
351,Utah Valley,Wolverines,,http://www.espn.com/mens-college-basketball/team/_/id/3084/utah-valley-wolverines,,http://a.espncdn.com/combiner/i?img=/i/teamlogos/ncaa/500/3084.png,32
